<config>
    <input>
        <dir in="${classesRoot}" out="${classesRoot}-obfuscated"/>
        <!-- Kotlin support -->
        <!--<dir in="${kotlinRoot}" out="${kotlinRoot}-obfuscated"/>-->
    </input>

    <classpath>
        <jar name="${androidJar}"/>
        <jar name="${classpathJars}"/>
    </classpath>

    <keep-names>
        <class template="public class * instanceof android.app.Activity">
            <method template="public void *(android.view.View)"/>
        </class>
        <class template="public class * instanceof android.view.View">
            <!--            <method template="void set*(**)"/>-->
            <!--            <method template="get*()"/>-->
        </class>
        <class template="class com.saharsh.chatapp.AdvancedNot.MyResponse">
            <field template= '*'/>
            <method template="*(**)"/>
        </class>
        <class template="class com.saharsh.chatapp.Model.Chat">
            <field template= '*'/>
            <method template="*(**)"/>
        </class>
        <class template="class com.saharsh.chatapp.Screens.RetrofitCalls">
            <field template="*"/>
            <method template="*(**)"/>
        </class>
        <class template="class com.saharsh.chatapp.Model.Chatlist">
            <field template="*"/>
            <method template="*(**)"/>
        </class>
        <class template="class com.saharsh.chatapp.Model.User">
            <field template="*"/>
            <method template="*(**)"/>
        </class>
        <class template="class com.saharsh.chatapp.AdvancedNot.Data">
            <field template="*"/>
            <method template="*(**)"/>
        </class>
        <class template="class com.saharsh.chatapp.AdvancedNot.MainRetrofitClient">
            <field template="*"/>
            <method template="*(**)"/>
        </class>
        <class template="class com.saharsh.chatapp.AdvancedNot.Token">
            <field template="*"/>
            <method template="*(**)"/>
        </class>
        <class template="class * extends java.lang.Enum">
            <method template="values()"/>
            <method template="valueOf(java.lang.String)"/>
        </class>
        <class template="class * implements android.os.Parcelable">
            <field template="public static final android.os.Parcelable*Creator *"/>
        </class>
        <class template="class *.R*">
            <field template="public static *"/>
        </class>

        <class template="public class *"/>
        <class template="public class * instanceof android.app.Application"/>
        <class template="public class * instanceof android.app.Application"/>
        <class template="public class * instanceof android.app.Service"/>
        <class template="public class * instanceof android.content.BroadcastReceiver"/>
        <class template="public class * instanceof android.content.ContentProvider"/>
        <class template="public class * instanceof android.app.backup.BackupAgentHelper"/>
        <class template="public class * instanceof android.preference.Preference"/>
        <class template="public class com.android.vending.licensing.ILicensingService"/>
        <class template="public class com.google.android.vending.licensing.ILicensingService"/>
    </keep-names>

    <property name="log-file" value="renaming-log.xml"/>
    <property name="random-seed" value=""/>


<!--    //String Obfuscation-->
<!--    <property name="string-encryption" value="enable"/>-->
<!--    <property name="string-encryption-type" value="fast"/>-->
<!--    <property name="string-encryption-version" value="v4"/>-->

<!--    //Control Flow Obfuscation-->
<!--    <property name="control-flow-obfuscation" value="enable"/>-->
<!--    <property name="extensive-flow-obfuscation" value="maximum"/>-->

<!--    //Moving to classes to default package-->
<!--    <property name="default-package" value=""/>-->
<!--    <property name="force-default-package" value="enable"/>-->

<!--    //Renaming of classes-->
<!--    <property name="packages-naming" value="abc"/>-->
<!--    <property name="classes-naming" value="abc"/>-->
<!--    <property name="methods-naming" value="abc"/>-->
<!--    <property name="fields-naming" value="abc"/>-->
<!--    <property name="local-variables-naming" value="optimize"/>-->
<!--    <property name="update-resource-names" value="enable"/>-->
<!--    <property name="update-resource-contents" value="enable"/>-->

<!--    //Other-->
<!--    <property name="line-numbers" value="obfuscate"/>-->
<!--    <property name="generics" value="remove"/>-->
<!--    <property name="inner-classes" value="keep"/>-->
<!--    <property name="member-reorder" value="enable"/>-->
<!--    <property name="finalize" value="disable"/>-->
<!--    <property name="unique-renaming" value="enable"/>-->
<!--    <property name="synthetize-methods" value="all"/>-->
<!--    <property name="synthetize-fields" value="all"/>-->
<!--    <property name="remove-toString" value="enable"/>-->
<!--    <property name="remove-calls" value="com.package.Logger.debug"/>-->

<!--    //Compression for optimixat-->
<!--    <property name="output-jar-compression-level" value="9"/>-->

<!--    //Logs-->
<!--    <property name="log-file" value="${logFile}"/>-->

</config>
